<PAMDataset>
  <Metadata>
    <MDI key="NODATA_VALUES">255</MDI>
  </Metadata>
  <PAMRasterBand band="1">
    <Histograms>
      <HistItem>
        <HistMin>1.510416666666667</HistMin>
        <HistMax>49.48958333333334</HistMax>
        <BucketCount>48</BucketCount>
        <IncludeOutOfRange>0</IncludeOutOfRange>
        <Approximate>1</Approximate>
        <HistCounts>5|44|119|304|455|775|1027|1355|1742|2164|2217|2531|2634|2449|2388|2511|2596|2867|3005|2798|2486|1908|1524|1264|983|730|536|486|433|328|278|246|197|157|138|140|95|64|49|13|6|2|3|0|1|0|0|1</HistCounts>
      </HistItem>
    </Histograms>
    <Metadata>
      <MDI key="STATISTICS_MAXIMUM">49</MDI>
      <MDI key="STATISTICS_MEAN">17.779107135102</MDI>
      <MDI key="STATISTICS_MINIMUM">2</MDI>
      <MDI key="STATISTICS_STDDEV">6.414636606493</MDI>
    </Metadata>
  </PAMRasterBand>
</PAMDataset>
