<PAMDataset>
  <Metadata>
    <MDI key="NODATA_VALUES">255</MDI>
  </Metadata>
  <PAMRasterBand band="1">
    <Histograms>
      <HistItem>
        <HistMin>5.510869565217392</HistMin>
        <HistMax>51.48913043478261</HistMax>
        <BucketCount>46</BucketCount>
        <IncludeOutOfRange>0</IncludeOutOfRange>
        <Approximate>1</Approximate>
        <HistCounts>6|24|43|58|89|121|105|108|100|106|146|227|488|927|1348|1855|2088|2147|1943|1720|1500|1247|1406|1580|1665|2041|2302|2572|2755|3061|2836|2499|2306|1727|1085|718|417|300|173|96|36|32|33|15|2|1</HistCounts>
      </HistItem>
    </Histograms>
    <Metadata>
      <MDI key="STATISTICS_MAXIMUM">51</MDI>
      <MDI key="STATISTICS_MEAN">30.250966257003</MDI>
      <MDI key="STATISTICS_MINIMUM">6</MDI>
      <MDI key="STATISTICS_STDDEV">6.984639873566</MDI>
    </Metadata>
  </PAMRasterBand>
</PAMDataset>
