<PAMDataset>
  <Metadata>
    <MDI key="NODATA_VALUES">255</MDI>
  </Metadata>
  <PAMRasterBand band="1">
    <Histograms>
      <HistItem>
        <HistMin>16.50694444444444</HistMin>
        <HistMax>88.49305555555556</HistMax>
        <BucketCount>72</BucketCount>
        <IncludeOutOfRange>0</IncludeOutOfRange>
        <Approximate>1</Approximate>
        <HistCounts>1|4|5|10|9|22|37|66|83|120|139|165|206|286|339|378|406|407|439|501|597|764|933|1233|1443|1518|1630|1603|1624|1563|1574|1504|1372|1352|1211|1209|1087|1056|1035|988|982|899|888|873|1010|1094|1131|1033|1051|1119|1081|1147|1127|1026|818|587|429|281|196|118|66|52|40|38|13|7|5|6|5|4|6|3</HistCounts>
      </HistItem>
    </Histograms>
    <Metadata>
      <MDI key="STATISTICS_MAXIMUM">88</MDI>
      <MDI key="STATISTICS_MEAN">52.333000390846</MDI>
      <MDI key="STATISTICS_MINIMUM">17</MDI>
      <MDI key="STATISTICS_STDDEV">11.787281599803</MDI>
    </Metadata>
  </PAMRasterBand>
</PAMDataset>
