<PAMDataset>
  <PAMRasterBand band="1">
    <Metadata>
      <MDI key="STATISTICS_MAXIMUM">255</MDI>
      <MDI key="STATISTICS_MEAN">254.99692789714</MDI>
      <MDI key="STATISTICS_MINIMUM">104</MDI>
      <MDI key="STATISTICS_STDDEV">0.68108596721418</MDI>
    </Metadata>
  </PAMRasterBand>
  <PAMRasterBand band="2">
    <Metadata>
      <MDI key="STATISTICS_MAXIMUM">255</MDI>
      <MDI key="STATISTICS_MEAN">254.99861653646</MDI>
      <MDI key="STATISTICS_MINIMUM">187</MDI>
      <MDI key="STATISTICS_STDDEV">0.30671421040109</MDI>
    </Metadata>
  </PAMRasterBand>
  <PAMRasterBand band="3">
    <Metadata>
      <MDI key="STATISTICS_MAXIMUM">255</MDI>
      <MDI key="STATISTICS_MEAN">254.99658203125</MDI>
      <MDI key="STATISTICS_MINIMUM">87</MDI>
      <MDI key="STATISTICS_STDDEV">0.75776451981445</MDI>
    </Metadata>
  </PAMRasterBand>
</PAMDataset>
